0,提高
1,创造
2,中国
3,怎么
4,东西
5,有关
6,他们
7,必须
8,能够
9,一目了然
10,地区
11,组织
12,可是
13,应该
14,革命
15,触目惊心
16,虽然
17,与众不同
18,这样
19,一些
20,基础
21,日新月异
22,条件
23,持之以恒
24,可想而知
25,成千上万
26,息息相关
27,我国
28,大家
29,不会
30,一下
31,说明
32,完全
33,随时随地
34,深恶痛绝
35,第一
36,之间
37,就是
38,时期
39,过程
40,脚踏实地
41,国家
42,来之不易
43,小心翼翼
44,经过
45,市场
46,觉得
47,以及
48,那些
49,通过
50,自己
51,技术
52,规定
53,方面
54,因为
55,只有
56,还是
57,也是
58,才能
59,发生
60,看到
61,得天独厚
62,发现
63,现象
64,决定
65,注意
66,显而易见
67,第二
68,具有
69,这里
70,一点
71,错综复杂
72,影响
73,无可厚非
74,经验
75,如果
76,提出
77,计划
78,部分
79,而且
80,形式
81,工业
82,坚定不移
83,独一无二
84,要求
85,大势所趋
86,一如既往
87,屡见不鲜
88,还有
89,络绎不绝
90,今天
91,任重道远
92,基本
93,截然不同
94,劳动
95,不遗余力
96,下落不明
97,一样
98,深入人心
99,但是
100,当时
101,生产
102,科学
103,实现
104,其中
105,卓有成效
106,五花八门
107,理论
108,部门
109,经济
110,由于
111,各式各样
112,环境
113,出现
114,脱颖而出
115,循序渐进
116,领导
117,名不虚传
118,意想不到
119,千家万户
120,心有余悸
121,特点
122,后顾之忧
123,群众
124,当然
125,主要
126,重要
127,力所能及
128,见义勇为
129,表现
130,人们
131,直接
132,喜闻乐见
133,世界
134,应运而生
135,比比皆是
136,思想
137,问题
138,产品
139,人民
140,长治久安
141,家喻户晓
142,过去
143,供不应求
144,不同
145,学习
146,结果
147,使用
148,千方百计
149,一般
150,同志
151,任何
152,纸醉金迷
153,不正之风
154,社会
155,一切
156,进行
157,不得而知
158,此起彼伏
159,全心全意
160,坚持不懈
161,例如
162,知识
163,因地制宜
164,物质
165,迫在眉睫
166,地方
167,不过
168,前所未有
169,因此
170,迫不及待
171,时间
172,这个
173,下来
174,参加
175,不言而喻
176,全力以赴
177,安居乐业
178,可以
179,现在
180,一定
181,开始
182,取而代之
183,人类
184,系统
185,建立
186,文化
187,玩忽职守
188,有的
189,引起
190,运动
191,没有
192,举一反三
193,形成
194,可能
195,生活
196,十分
197,以后
198,解放思想
199,分析
200,语言
201,弄虚作假
202,排忧解难
203,增加
204,奋发有为
205,结构
206,什么
207,不知不觉
208,精神
209,已经
210,行之有效
211,名列前茅
212,源源不断
213,三位一体
214,艺术
215,齐心协力
216,联系
217,不能
218,任务
219,滥用职权
220,一年一度
221,引人注目
222,所以
223,产生
224,内容
225,变化
226,丰富多彩
227,反映
228,孩子
229,雪上加霜
230,艰苦奋斗
231,紧锣密鼓
232,管理
233,敲诈勒索
234,你们
235,教育
236,解决
237,结合
238,全国
239,自然
240,发展
241,关系
242,水平
243,一个
244,包括
245,认为
246,讨价还价
247,作为
248,起来
249,无独有偶
250,方法
251,能力
252,许多
253,成为
254,莫名其妙
255,不可思议
256,根据
257,我们
258,研究
259,层出不穷
260,同时
261,知道
262,建设
263,为了
264,需要
265,企业
266,那么
267,众所周知
268,源远流长
269,学生
270,不是
271,不折不扣
272,政治
273,大街小巷
274,利用
275,时候
276,如火如荼
277,出来
278,对于
279,特别
280,名副其实
281,当务之急
282,其他
283,举足轻重
284,于是
285,情况
286,有些
287,历史
288,作用
289,美国
290,得到
291,比较
292,各种
293,一应俱全
294,存在
295,不约而同
296,这些
297,意义
298,具体
299,实事求是
300,认识
301,工作
302,甚至
303,一见钟情
304,正确
305,斗争
306,不仅
307,活动
308,民族
309,记忆犹新
310,落地生根
